26321680,2015,"Laboratory of Systems Cancer Biology, Rockefeller University, New York, NY 10065, USA. Electronic address: stavazoie@mail.rockefeller.edu.",We find that the RNA-binding protein HNRNPA2B1 binds m(6)A-bearing RNAs in vivo and in vitro and its biochemical footprint matches the m(6)A consensus motif.
26321680,2015,"Laboratory of Systems Cancer Biology, Rockefeller University, New York, NY 10065, USA. Electronic address: stavazoie@mail.rockefeller.edu.",HNRNPA2B1 directly binds a set of nuclear transcripts and elicits similar alternative splicing effects as the m(6)A writer METTL3.
26321680,2015,"Laboratory of Systems Cancer Biology, Rockefeller University, New York, NY 10065, USA. Electronic address: stavazoie@mail.rockefeller.edu.","Moreover, HNRNPA2B1 binds to m(6)A marks in a subset of primary miRNA transcripts, interacts with the microRNA Microprocessor complex protein DGCR8, and promotes primary miRNA processing."
25658443,2015,"a Protein Engineering; Rinat-Pfizer Inc. ; South San Francisco , CA USA.","It has been hypothesized that 2 FcRn molecules bind an IgG homodimer with disparate affinities, yet their affinity constants are inconsistent across the literature."
25658443,2015,"a Protein Engineering; Rinat-Pfizer Inc. ; South San Francisco , CA USA.","We find that human FcRn binds human IgG1 with an equilibrium dissociation constant (KD) of 760 ± 60 nM (N = 14) at 25°C and pH 5.8, and shows less than 25% variation across the other human subtypes."
25658443,2015,"a Protein Engineering; Rinat-Pfizer Inc. ; South San Francisco , CA USA.","Human IgG1 binds cynomolgus monkey FcRn with a 2-fold higher affinity than human FcRn, and binds both mouse and rat FcRn with a 10-fold higher affinity than human FcRn."
26378986,2015,"Department of Biochemistry, University of Saskatchewan , 107 Wiggins Road, Saskatoon, Canada , S7N 0W0.","Drugs that bind to α-synuclein and form a loop structure between the N- and C-terminus tend to be neuroprotective, whereas others that cause a more compact structure tend to be neurotoxic."
26378986,2015,"Department of Biochemistry, University of Saskatchewan , 107 Wiggins Road, Saskatoon, Canada , S7N 0W0.","The antinausea drugs, cinnarizine and metoclopramide, do not bind to α-synuclein, whereas amphetamine and the herbicides, paraquat and rotenone, bind tightly and cause α-synuclein to adopt a more compact conformation."
26378986,2015,"Department of Biochemistry, University of Saskatchewan , 107 Wiggins Road, Saskatoon, Canada , S7N 0W0.","The recreational drug, cocaine, binds to α-synuclein, whereas heroin and methadone do not."
26378986,2015,"Department of Biochemistry, University of Saskatchewan , 107 Wiggins Road, Saskatoon, Canada , S7N 0W0.","Metformin, which is prescribed for diabetes and is neuroprotective, binds well without causing α-synuclein to adopt a more compact conformation."
26378986,2015,"Department of Biochemistry, University of Saskatchewan , 107 Wiggins Road, Saskatoon, Canada , S7N 0W0.",Methylphenidate (ritalin) binds to sites in both the N- and C-terminus and causes α-synuclein to adopt a loop conformation.
26378986,2015,"Department of Biochemistry, University of Saskatchewan , 107 Wiggins Road, Saskatoon, Canada , S7N 0W0.","In contrast, amphetamine only binds to the N-terminus."
26378986,2015,"Department of Biochemistry, University of Saskatchewan , 107 Wiggins Road, Saskatoon, Canada , S7N 0W0.","Except for cinnarizine and metoclopramide, there is a good correlation between the mode of binding to α-synuclein and whether a drug is neuroprotective or neurotoxic."
25660311,2015,"Department of Microbiology, Yonsei University College of Medicine, Seoul, South Korea.",Lipoteichoic acid (LTA) is a component of the cell wall of Gram-positive bacteria and induces a toll-like receptor 2 (TLR2)-mediated inflammatory response upon initial binding to lipopolysaccharide-binding protein (LBP) and subsequent transfer to CD14.
25660311,2015,"Department of Microbiology, Yonsei University College of Medicine, Seoul, South Korea.","Results of ELISA, surface plasmon resonance and native PAGE electrophoretic mobility shift analyses indicated that HMGB1 binds to LTA in a concentration-dependent manner and that this binding is inhibited by LBP."
25660311,2015,"Department of Microbiology, Yonsei University College of Medicine, Seoul, South Korea.","Thus, we propose that HMGB1 plays an important role in LTA-mediated inflammation by binding to and transferring LTA to CD14, which is subsequently transferred to TLR2 to induce an inflammatory response."
26548411,2015,"State Key Laboratory of Theoretical and Computational Chemistry, Institute of Theoretical Chemistry, Jilin University, Changchun 130023, People's Republic of China. zhengqc@jlu.edu.cn.","TvMyb2, one of the Myb-like transcriptional factors in Trichomonas vaginalis, binds to two closely spaced promoter sites, MRE-1/MRE-2r and MRE-2f, on the ap65-1 gene."
26548411,2015,"State Key Laboratory of Theoretical and Computational Chemistry, Institute of Theoretical Chemistry, Jilin University, Changchun 130023, People's Republic of China. zhengqc@jlu.edu.cn.",The simulation results indicate that tvMyb2 becomes stable when it binds the DNA duplex.
26548411,2015,"State Key Laboratory of Theoretical and Computational Chemistry, Institute of Theoretical Chemistry, Jilin University, Changchun 130023, People's Republic of China. zhengqc@jlu.edu.cn.","A series of mutants, K51A, R84A and R87A, have been followed, and the results of statistical analyses of the H-bond and hydrophobic contacts show that some residues have significant influence on recognition and binding to ap65-1 DNA."
24654910,2015,"Creighton University Medical Center , Omaha, NE, USA and.","p-Octopamine binds to neuroreceptors in insects that are not present in humans, while exhibiting poor binding to α-1, α-2, β-1, and β-2 adrenergic receptors in mammalian systems."
24654910,2015,"Creighton University Medical Center , Omaha, NE, USA and.",p-Octopamine modestly binds to β-3 adrenergic receptors and may therefore promote lipolysis and weight loss.
24654910,2015,"Creighton University Medical Center , Omaha, NE, USA and.",p-Octopamine is considered to be a CNS stimulant in spite of the fact that it binds poorly to adrenergic receptors.
25738491,2015,"Medical Microbiology and Molecular Biology Laboratory, Interdisciplinary Biotechnology Unit, Aligarh Muslim University, Aligarh, UP, India-202002. asad.k@rediffmail.com.","In this review, the information on the number of binding sites, binding strength, the nature of binding interactions and the location of binding sites of such drugs on the HSA are summarised."
25738491,2015,"Medical Microbiology and Molecular Biology Laboratory, Interdisciplinary Biotechnology Unit, Aligarh Muslim University, Aligarh, UP, India-202002. asad.k@rediffmail.com.",This review will help to gain useful insights into the significance of the binding of anti-bacterial and anti-cancer drugs with plasma protein and the effect of binding on its overall distribution and pharmacological activities.
25555838,2015,"Department of Chemistry-Biochemistry-Physics, University of Québec at Trois-Rivières, C.P. 500, Trois-Rivières, Québec G9A 5H7, Canada. Electronic address: tajmirri@uqtr.ca.","Structural analysis revealed that folic acid binds DNA and tRNA at multiple sites via hydrophilic, hydrophobic and H-bonding contacts with overall binding constants of Kfolic acid-DNA=1.1 (±0.3)×10(4) M(-1) and Kfolic acid-tRNA=6.4 (±0.5)×10(3) M(-1)."
25818864,2015,"Laboratory of Immunobiology and Department of Medical Oncology, Dana-Farber Cancer Institute, Harvard Medical School, Boston, MA 02115, USA; Department of Pediatrics, Harvard Medical School, Boston, MA 02115, USA; Department of Biological Chemistry & Molecular Pharmacology, Harvard Medical School, Boston, MA 02115, USA.","A 1983 Immunology Today rostrum hypothesized that each T cell has two recognition units: a T cell receptor (TCR) complex, which binds antigen associated with a polymorphic region of a MHC molecule (pMHC), and a CD4 or CD8 molecule that binds to a conserved region of that same MHC gene product (class II or I, respectively)."
25727698,2015,"Center for Neuroscience, Shantou University Medical College, Shantou, Guangdong, China.","Overexpression of L1, but not the L1 mutants L1 (S1181N, E1184V), which reduced binding between L1 and CK2, reduced expression levels of PTEN and p53 proteins, and enhanced levels of phosphorylated CK2α and mammalian target of rapamycin, which is a downstream effector of PTEN and p53."
25727698,2015,"Center for Neuroscience, Shantou University Medical College, Shantou, Guangdong, China.",We now describe a novel signaling platform operating via the alpha subunit of casein kinase 2 which binds to the intracellular domain of L1.
25870596,2015,"Ångstrom Pharmaceuticals Inc. , Solana Beach, CA , USA.","A6 binds to CD44 resulting in the inhibition of migration, invasion, and metastasis of tumor cells, and the modulation of CD44-mediated cell signaling."
26491100,2015,"Departamento de Fisiología, Universidad Autónoma de San Luis Potosí, San Luis Potosí, México;",Candida glabrata (CG) is an opportunistic fungal pathogen that initiates infection by binding to host cells via specific lectin-like adhesin proteins.
26491100,2015,"Departamento de Fisiología, Universidad Autónoma de San Luis Potosí, San Luis Potosí, México;",These results suggest that CG directly binds to flow-sensitive CELM receptors via lectinic-oligosaccharide interactions with mannose and disrupts the lectin-oligosaccharide binding necessary for flow-induced cardiac responses.
25300043,2015,"Medical Chemistry Department, School of Pharmacy, Mashhad University of Medical Sciences, Mashhad, Iran.",The analysis of UV absorption data and the fluorescence quenching of HSA in the binary and ternary systems showed that FLX decreased the binding affinity between ALP and HSA.
26113821,2015,"Faculty of Kinesiology, Engineering, Medicine and Veterinary Medicine, University of Calgary Calgary, AB, Canada.","Titin was found to bind calcium upon activation, thereby increasing its structural stability, and thus its stiffness and force."
26113821,2015,"Faculty of Kinesiology, Engineering, Medicine and Veterinary Medicine, University of Calgary Calgary, AB, Canada.","Therefore, we propose that muscle contraction involves three filaments, actin, myosin and titin, and that titin regulates force by binding calcium and by shortening its spring length by binding to actin."
25512265,2015,"Graduate School of Pure and Applied Sciences, University of Tsukuba, Japan. mkita@chem.tsukuba.ac.jp kigoshi@chem.tsukuba.ac.jp.","Lobophorolide, an actin filament-disrupting macrolide, binds to actin with a unique 2 : 2 stoichiometry in which two lobophorolide molecules cooperate to stabilize an actin dimer."
25512265,2015,"Graduate School of Pure and Applied Sciences, University of Tsukuba, Japan. mkita@chem.tsukuba.ac.jp kigoshi@chem.tsukuba.ac.jp.","The antitumor macrolide aplyronine A synergistically binds to tubulin in association with actin, and prevents spindle formation and mitosis."
25971975,2015,"From the Department of Medical Biochemistry and Biophysics, Umeå University, SE-901 87 Umeå and anders.hofer@medchem.umu.se.","The a-site resides in an N-terminal ATP cone domain that binds dATP or ATP and functions as an on/off switch, whereas the composite s-site binds ATP, dATP, dTTP, or dGTP and determines which substrate to reduce."
25971975,2015,"From the Department of Medical Biochemistry and Biophysics, Umeå University, SE-901 87 Umeå and anders.hofer@medchem.umu.se.","Each α polypeptide binds three dATP molecules, and the N-terminal ATP cone is critical for binding two of the dATPs because a truncated protein lacking this cone could only bind dATP to its s-site."
25971975,2015,"From the Department of Medical Biochemistry and Biophysics, Umeå University, SE-901 87 Umeå and anders.hofer@medchem.umu.se.",ATP activates the enzyme solely by preventing dATP from binding.
25897241,2015,"Department of Medical Microbiology, North Bristol NHS Trust, Southmead Hospital, Bristol, England.","Ceftaroline has broad-spectrum activity against gram-positive and gram-negative bacteria and exerts its bactericidal effects by binding to penicillin-binding proteins (PBPs), resulting in inhibition of bacterial cell wall synthesis."
25897241,2015,"Department of Medical Microbiology, North Bristol NHS Trust, Southmead Hospital, Bristol, England.",It binds to PBP 2a of MRSA with high affinity and also binds to all six PBPs in Streptococcus pneumoniae.
26601851,2015,"Adipocyte Biology Laboratory, Pennington Biomedical Research Center, Baton Rouge, Louisiana; and Department of Biological Sciences, Louisiana State University, Baton Rouge, Louisiana jsteph1@lsu.edu.","Furthermore, we identified three putative STAT5 binding sites in the murine adiponectin promoter and show that only one of these, located at -3,809, binds nuclear protein in a GH- or PRL-dependent manner."
26601851,2015,"Adipocyte Biology Laboratory, Pennington Biomedical Research Center, Baton Rouge, Louisiana; and Department of Biological Sciences, Louisiana State University, Baton Rouge, Louisiana jsteph1@lsu.edu.","Adiponectin promoter/reporter constructs were responsive to GH, and chromatin IP analysis reveals that STAT5 binds the adiponectin promoter in vivo following GH stimulation."
25710711,2015,"Department of Plant Sciences, School of Life Sciences, University of Hyderabad, Hyderabad 500046, India. srgsl@uohyd.ernet.in.","Further, apoptosis was observed in HeLa cell lines when they were incubated with these molecules for 24 h. The fluorescence quenching of HSA was observed upon titration with different concentrations of lupeol and lupeol derivative; their binding constants were found to be 3 ± 0.01 × 10(4) M(-1) and 6.2 ± 0.02 × 10(4) M(-1), with binding free energies of -6.59 kcal M(-1) and -7.2 kcal M(-1)."
25710711,2015,"Department of Plant Sciences, School of Life Sciences, University of Hyderabad, Hyderabad 500046, India. srgsl@uohyd.ernet.in.",Molecular displacement studies based on competition with site I-binding phenylbutazone (which binds site I of HSA) and ibuprofen (which binds site II) suggest that lupeol binds site II and the lupeol derivative site I. Molecular docking studies also confirmed that lupeol binds to the IIIA and the lupeol derivative to the IIA domain of HSA.
25891992,2015,"a Laboratory of Chromatin Biochemistry ; Max Planck Institute for Biophysical Chemistry ; Göttingen , Germany.",A SRA region binds hemimethylatd DNA.
25891992,2015,"a Laboratory of Chromatin Biochemistry ; Max Planck Institute for Biophysical Chemistry ; Göttingen , Germany.",We propose that these are essential in setting up defined structural states of the protein where different domains or combinations thereof are available for binding chromatin modifications or are prevented from doing so.
25957159,2015,"Institute of Parasitology, McGill University-Macdonald Campus, Sainte-Anne-de-Bellevue, Quebec, Canada. Electronic address: roger.prichard@mcgill.ca.","Subsequent equilibrium dialysis indicated that ivermectin and Taxol compete for binding to tubulin, supporting our molecular modelling that predicts ivermectin interacts with the Taxol binding pocket of both parasitic and mammalian tubulins."
25957159,2015,"Institute of Parasitology, McGill University-Macdonald Campus, Sainte-Anne-de-Bellevue, Quebec, Canada. Electronic address: roger.prichard@mcgill.ca.","Collectively, our data indicate that ivermectin can bind to and stabilise microtubules (i.e., alter the tubulin polymerisation equilibrium) and this can then lead to mitotic arrest."
25978104,2015,"‡University of Calcutta, Senate House, 87/1, College Street, Kolkata, West Bengal 700073, India.",Studies on the interaction of naturally occurring flavonoids with different polymorphic forms of nucleic acid are helpful for understanding the molecular aspects of binding mode and providing direction for the use and design of new efficient therapeutic agents.
25978104,2015,"‡University of Calcutta, Senate House, 87/1, College Street, Kolkata, West Bengal 700073, India.",Structural analysis showed Q and M binds weakly to the B form (groove binding) compared to the protonated form of CT DNA (electrostatic interaction).
25978104,2015,"‡University of Calcutta, Senate House, 87/1, College Street, Kolkata, West Bengal 700073, India.","In both cases, Q binds strongly to both forms of DNA compared to M."
26010075,2015,"Integrative Computational BioScience (ICBS) Center, Mahidol University, Nakhon Pathom, Thailand.","A key challenge for understanding transcriptional regulation is being able to measure transcription factor (TF)-DNA binding events with sufficient spatial and temporal resolution; that is, when and where TFs occupy their cognate sites."
26010075,2015,"Integrative Computational BioScience (ICBS) Center, Mahidol University, Nakhon Pathom, Thailand.","That is, gene expression is dynamically controlled by a TF that transiently binds and activates a target gene, which might stay in a transcriptionally active state after the initial binding event has ended."
26194856,2015,"Department of Physics, Graduate School of Science, the University of Tokyo.","During the process to provide the structural evidence for the model, the troponin arm was found to protrude from the calcium-depleted troponin and binds to the carboxyl-terminal region of actin."
26550034,2015,"Microarrays and Deep Sequencing Platform, Institut de Génétique et de Biologie Moléculaire et Cellulaire (IGBMC), CNRS UMR 7104, INSERM U964, UdS, BP 10142, CU de Strasbourg, 67404 Illkirch Cedex, France.","Thus, monitoring of Tip60 binding to the genome should reflect the behaviour of Tip60-containing complexes."
26550034,2015,"Microarrays and Deep Sequencing Platform, Institut de Génétique et de Biologie Moléculaire et Cellulaire (IGBMC), CNRS UMR 7104, INSERM U964, UdS, BP 10142, CU de Strasbourg, 67404 Illkirch Cedex, France.",The genome-wide mapping of Tip60 binding in mESCs by chromatin immunoprecipitation (ChIP) coupled with high-throughput sequencing (ChIP-seq) shows that the Tip60 complex is present at promoter regions of predominantly active genes that are bound by RNA polymerase II (Pol II) and contain the H3K4me3 histone mark.
26550034,2015,"Microarrays and Deep Sequencing Platform, Institut de Génétique et de Biologie Moléculaire et Cellulaire (IGBMC), CNRS UMR 7104, INSERM U964, UdS, BP 10142, CU de Strasbourg, 67404 Illkirch Cedex, France.","The coactivator HAT complexes, Tip60- and Mof (KAT8)-containing (NSL and MSL), show a global overlap at promoters, whereas distinct binding profiles at enhancers suggest different regulatory functions of each essential HAT complex."
26550034,2015,"Microarrays and Deep Sequencing Platform, Institut de Génétique et de Biologie Moléculaire et Cellulaire (IGBMC), CNRS UMR 7104, INSERM U964, UdS, BP 10142, CU de Strasbourg, 67404 Illkirch Cedex, France.","The comparison of genome-wide binding profiles of Tip60 and c-Myc, a somatic cell reprogramming factor that binds predominantly to active genes in mESCs, demonstrate that Tip60 and c-Myc co-bind at 50-60 % of their binding sites."
26044465,2015,"Diabetes and Metabolism Research Unit, Vall Hebron Institut de Recerca (VHIR), Universitat Autònoma de Barcelona and CIBERDEM (ISCIII), Barcelona, Spain. Electronic address: david.martinez.selva@vhir.org.",Sex hormone-binding globulin (SHBG) is produced and secreted by the liver into the bloodstream where it binds sex steroids and regulates their bioavailability.
25721673,2015,"Department of Physical Chemistry, Indian Association For The cultivation of Science, Jadavpur, Kolkata 700 032, India. pckb@iacs.res.in.","Thus β-cyclodextrin removes cholesterol from HSA by hydrophobic binding to cholesterol (""strip off"") and also, itself binds to HSA."
25721673,2015,"Department of Physical Chemistry, Indian Association For The cultivation of Science, Jadavpur, Kolkata 700 032, India. pckb@iacs.res.in.",The conformational dynamics results suggest that addition of β-cyclodextrin restores native like binding free energy and folding dynamics.
26009170,2015,"*School of Life Sciences, University of Warwick, Gibbet Hill Road, Coventry CV4 7AL, U.K.","Recent high-throughput analyses of RNA-protein interactions indicate that Unr binds to a large subset of cellular mRNAs, suggesting that Unr may play a wider role in translational responses to cellular signals than previously thought."
25938608,2015,"Division of Pediatric Oncology, Johns Hopkins University School of Medicine, Baltimore, Maryland, United States of America.","In human acute myeloid leukemia cases, the enhancer lacks point mutations but binds the RUNX1-ETO oncoprotein."
25938608,2015,"Division of Pediatric Oncology, Johns Hopkins University School of Medicine, Baltimore, Maryland, United States of America.","In 293T gel shift assays, exogenous C/EBPα binds both C/EBP sites, c-Myb binds the Myb site, PU.1 binds the second Ets site, PU.1, Fli-1, ERG, and Ets1 bind the sixth Ets site, GATA2 binds both GATA sites, and SCL binds the second E-box."
25938608,2015,"Division of Pediatric Oncology, Johns Hopkins University School of Medicine, Baltimore, Maryland, United States of America.","Endogenous hematopoietic RUNX1, PU.1, Fli-1, ERG, C/EBPα, GATA2, and SCL were previously shown to bind the enhancer, and we find that endogenous PU.1 binds the second Ets site in 32Dcl3 cells."
25841380,2015,"Institute of Macromolecular Compounds of the Russian Academy of Sciences, Bolshoy pr. VO 31, St. Petersburg 199004, Russian Federation; St. Petersburg State Chemical Pharmaceutical Academy, ul. Prof. Popova 14, St. Petersburg 197022, Russian Federation. Electronic address: yury_skorik@mail.ru.",Amino acids that carry charges on their side groups can bind to double stranded DNA (dsDNA) and change the strength of the double helix.
25841380,2015,"Institute of Macromolecular Compounds of the Russian Academy of Sciences, Bolshoy pr. VO 31, St. Petersburg 199004, Russian Federation; St. Petersburg State Chemical Pharmaceutical Academy, ul. Prof. Popova 14, St. Petersburg 197022, Russian Federation. Electronic address: yury_skorik@mail.ru.",A model for binding Glu and Lys to dsDNA was explored by a docking simulation.
25841380,2015,"Institute of Macromolecular Compounds of the Russian Academy of Sciences, Bolshoy pr. VO 31, St. Petersburg 199004, Russian Federation; St. Petersburg State Chemical Pharmaceutical Academy, ul. Prof. Popova 14, St. Petersburg 197022, Russian Federation. Electronic address: yury_skorik@mail.ru.","The model shows that Glu, in an untwisted shape, binds to dsDNA in its major groove and disrupts three H-bonds between the strands, thereby destabilizing the double helix."
25841380,2015,"Institute of Macromolecular Compounds of the Russian Academy of Sciences, Bolshoy pr. VO 31, St. Petersburg 199004, Russian Federation; St. Petersburg State Chemical Pharmaceutical Academy, ul. Prof. Popova 14, St. Petersburg 197022, Russian Federation. Electronic address: yury_skorik@mail.ru.","Lys, in an untwisted shape, binds to the external side of the dsDNA and forms two bonds with O atoms of neighboring phosphodiester groups, thereby strengthening the DNA helix."
25348485,2015,"Department of Chemistry and Biochemistry, University of California, San Diego, La Jolla, California, 92093-0654; Department of Pharmacology, University of California, San Diego, La Jolla, California, 92093-0654.",Dual-specific AKAP2 (D-AKAP2/AKAP10) binds with high affinity to both RI and RII regulatory subunits of PKA and is anchored to transporters through PDZ domain proteins.
25348485,2015,"Department of Chemistry and Biochemistry, University of California, San Diego, La Jolla, California, 92093-0654; Department of Pharmacology, University of California, San Diego, La Jolla, California, 92093-0654.","Instead, the interaction is facilitated by the C-terminus of D-AKAP2, which contains two binding motifs-the D-AKAP2AKB and the PDZ motif-that are joined by a short linker and only become ordered upon binding to their respective partner signaling proteins."
25348485,2015,"Department of Chemistry and Biochemistry, University of California, San Diego, La Jolla, California, 92093-0654; Department of Pharmacology, University of California, San Diego, La Jolla, California, 92093-0654.",The D-AKAP2AKB binds to the D/D domain of the R-subunit and the C-terminal PDZ motif binds to a PDZ domain (from PDZK1) that serves as a bridging protein to the transporter.
25348485,2015,"Department of Chemistry and Biochemistry, University of California, San Diego, La Jolla, California, 92093-0654; Department of Pharmacology, University of California, San Diego, La Jolla, California, 92093-0654.",This structure also provides insights into the fundamental question of why D-AKAP2 would exhibit a differential mode of binding to the two PKA isoforms.
26436827,2015,"Department of Biotechnology and Life Science, Faculty of Technology, Tokyo University of Agriculture and Technology, Tokyo, Japan.","Binding sites tended to be located near dormant origins and to contain at least two copies of a conserved motif, CNWWGTGGGGG."
26436827,2015,"Department of Biotechnology and Life Science, Faculty of Technology, Tokyo University of Agriculture and Technology, Tokyo, Japan.","We show that Rif1-binding sites adopt G quadruplex-like structures in vitro, in a manner dependent on the conserved sequence and on other G tracts, and that purified Rif1 preferentially binds to this structure."
26436827,2015,"Department of Biotechnology and Life Science, Faculty of Technology, Tokyo University of Agriculture and Technology, Tokyo, Japan.","These results suggest that Rif1 recognizes and binds G quadruplex-like structures at selected intergenic regions, thus generating local chromatin structures that may exert long-range suppressive effects on origin firing."
25327289,2015,"Department of Biochemistry and Molecular Biology, The University of Texas Medical Branch, Galveston, Texas, 77555.",CXCL8 exists as monomers and dimers but monomer alone binds CXCR1 with high affinity.
25327289,2015,"Department of Biochemistry and Molecular Biology, The University of Texas Medical Branch, Galveston, Texas, 77555.",CXCL8 function involves binding two distinct CXCR1 sites - the N-terminal domain (Site-I) and the extracellular/transmembrane domain (Site-II).
25327289,2015,"Department of Biochemistry and Molecular Biology, The University of Texas Medical Branch, Galveston, Texas, 77555.","Therefore, higher monomer affinity could be due to stronger binding at Site-I or Site-II or both."
25327289,2015,"Department of Biochemistry and Molecular Biology, The University of Texas Medical Branch, Galveston, Texas, 77555.",We show that the WT monomer binds the CXCR1 N-domain with much higher affinity and that binding is coupled to dimer dissociation.
25327289,2015,"Department of Biochemistry and Molecular Biology, The University of Texas Medical Branch, Galveston, Texas, 77555.","We also characterized the binding of two CXCL8 monomer variants and a trapped dimer to two different hCXCR1Ndp constructs, and observe that the monomer binds with ∼10- to 100-fold higher affinity than the dimer."
26212728,2015,"Department of Microbiology, University of Illinois at Urbana-Champaign, Urbana, IL, USA.",This paper helps establish how Xis2d binds the DNA in the mob and tra region.
26212728,2015,"Department of Microbiology, University of Illinois at Urbana-Champaign, Urbana, IL, USA.","Unlike other excisionase proteins, Xis2d binds a region of dyad symmetry."
26212728,2015,"Department of Microbiology, University of Illinois at Urbana-Champaign, Urbana, IL, USA.",Xis2d binding to this region could be the preliminary step for the activation of both operons.
25853617,2015,"§Department of Chemistry, Northwestern University, Evanston, Illinois 60208, United States.","However, various mutational and spectroscopic studies have confirmed the involvement of cysteine in Fe(3+)-heme binding upon reduction of the disulfide bond."
25853617,2015,"§Department of Chemistry, Northwestern University, Evanston, Illinois 60208, United States.","Further analysis revealed that while HO2sol binds one Fe(3+)-heme per monomer of protein under oxidizing conditions, disulfide-reduced HO2sol binds slightly more than two."
25853617,2015,"§Department of Chemistry, Northwestern University, Evanston, Illinois 60208, United States.","Additionally, Fe(3+)-heme binds with a much weaker affinity to Cys282 than to Cys265, which has an affinity much weaker than that of the His45 binding site in the catalytic core."
25853617,2015,"§Department of Chemistry, Northwestern University, Evanston, Illinois 60208, United States.","In summary, disulfide-reduced HO2 has multiple binding sites with varying affinities for Fe(3+)-heme."
26740464,2015,"Department of Chemistry, School of Basic Medicine, Xinxiang Medical University, Xinxiang, Henan 453003, PR China.","Procyanidin B3 binds trypsin in a more firmly way than pepsin, and one molecule of procyanidin B3 combines with one molecule of trypsin/pepsin."
26740464,2015,"Department of Chemistry, School of Basic Medicine, Xinxiang Medical University, Xinxiang, Henan 453003, PR China.",Molecular modeling displays the specific binding site of procyanidin B3 on trypsin and pepsin.
26740464,2015,"Department of Chemistry, School of Basic Medicine, Xinxiang Medical University, Xinxiang, Henan 453003, PR China.",The study provides an accurate and full basic data for clarifying the binding mechanisms of procyanidin B3 with trypsin and pepsin and is helpful for understanding its biological activity in vivo.
25808083,2015,"Department of Medicine (Alfred), Monash University, Prahran, 3181, Australia, leon.bach@monash.edu.",IGFBP-6 is an O-linked glycoprotein that preferentially binds IGF-II over IGF-I.
25808083,2015,"Department of Medicine (Alfred), Monash University, Prahran, 3181, Australia, leon.bach@monash.edu.",The relative balance of IGF-dependent and IGF-independent actions of IGFBP-6 in vivo together with the related question regarding the roles of IGFBP-6 binding to IGF and non-IGF ligands are keys to understanding the physiological role of this protein.
25209685,2015,"The Children's Hospital Oakland Research Institute, Oakland, CA 94609, USA. etheil@chori.org.","(2) eIF-4F, which bind ribosomes and enhances general protein biosynthesis."
25209685,2015,"The Children's Hospital Oakland Research Institute, Oakland, CA 94609, USA. etheil@chori.org.","Mn(2+), which also binds to IRE-RNA in solution, is a convenient experimental proxy for air-sensitive Fe(2+) studies of in vitro protein biosynthesis and protein binding."
26522339,2015,"Department of Aquaculture, College of Life Sciences, Center of the Excellence for the Oceans, National Taiwan Ocean University, Keelung, 20224, Taiwan. Electronic address: jcchen@mail.ntou.edu.tw.","We conclude that LvLGBP functions as a PRP, recognizes and binds to LPS, βG, alginate, carrageenan, fucoidan, laminarin, GTE, and SDE, and subsequently leads to activating innate immunity in shrimp."
26140185,2015,"Recombinant Lab, Department of Biochemistry, Faculty of Medicine, Shiraz University of Medical Sciences, Shiraz, Iran.",Wild type (WT) TP53 binds to BRCA1and RAD51 in vivo and in vitro.
26140185,2015,"Recombinant Lab, Department of Biochemistry, Faculty of Medicine, Shiraz University of Medical Sciences, Shiraz, Iran.","Results:
      
    

    
      The results showed that mutated TP53 in MDA-MB-468 cells interacted with BRCA1 protein in vivo and did not effect WT TP53 binding to this protein in vitro."
26140185,2015,"Recombinant Lab, Department of Biochemistry, Faculty of Medicine, Shiraz University of Medical Sciences, Shiraz, Iran.",The Immunoprecipitation assays revealed that the mutated TP53 did not bind to RAD51 in comparison to WT TP53.
26140185,2015,"Recombinant Lab, Department of Biochemistry, Faculty of Medicine, Shiraz University of Medical Sciences, Shiraz, Iran.","In addition, RAD51 did not bind to TP53 with R273C mutation in vivo."
25514361,2015,"Department of Biochemistry, University of Saskatchewan , 107 Wiggins Road, Saskatoon, Canada S7N 0W0.",Rasagiline can also bind to sites in both the N- and C-terminal regions of α-synuclein.
26506258,2015,"Emeritus Department, Biological Sciences State University of New York at Buffalo, Buffalo, N.Y. 14260, USA. Electronic address: insleebaldwin@yahoo.com.",H1 histone preferentially binds AT-rich DNA sequences to repress their transcription.
26506258,2015,"Emeritus Department, Biological Sciences State University of New York at Buffalo, Buffalo, N.Y. 14260, USA. Electronic address: insleebaldwin@yahoo.com.","Most of these TFs bind AT-rich consensus sequences in DNA, suggesting that H1 histone and TFs active during germ layer determination are binding similar sequences."
26522460,2015,"Institute of Laboratory Medicine, Clinical Chemistry and Molecular Diagnostics, University of Leipzig, Paul-List Strasse 13-15, D-04103, Leipzig, Germany.",Approximately 80-90% of serum cortisol binds to CBG with high affinity and only about 5% of cortisol remain unbound and is considered biologically active.
26172911,2015,"Transcription Regulation Laboratory Regional Centre for Biotechnology, NCR Biotech Science Cluster, Faridabad, Haryana, India.","Interestingly, the CTD shows structural heterogeneity depending upon the type of effector molecule that it binds and displays structural homology to various classes of proteins."
26329302,2015,"Researcher from Consejo de Investigaciones de la Universidad Nacional de Rosario, Rosario, Argentina. marini@ibr.gov.ar.","At least in pig, AnxA2 is found devoid of S100A10 in the outer surface of the apical plasma membrane of oviductal epithelial cells, indicating that it binds to sperm as a monomer or in association with proteins different from S100A10."
26329302,2015,"Researcher from Consejo de Investigaciones de la Universidad Nacional de Rosario, Rosario, Argentina. marini@ibr.gov.ar.","In summary, S100A10 and AnxA2 are widespread in the mammalian oviduct but AnxA2 binds sperm in vivo devoid of S100A10 and may be related to reservoir formation."
25974133,2015,"Analytical Biopharmacy Core, University of Washington, Seattle, Washington, United States of America.","Here, using monoclonal antibodies against a vaccine target protein - fimbrial adhesin FimH of uropathogenic Escherichia coli, we demonstrate that unusually strong receptor inhibition can be achieved by antibody that binds within the binding pocket and displaces the ligand in a non-competitive way."
25974133,2015,"Analytical Biopharmacy Core, University of Washington, Seattle, Washington, United States of America.",The non-competitive antibody binds to a loop that interacts with the ligand in the active conformation of the pocket but is shifted away from ligand in the inactive conformation.
25974133,2015,"Analytical Biopharmacy Core, University of Washington, Seattle, Washington, United States of America.","We refer to this as a parasteric inhibition, where the inhibitor binds adjacent to the ligand in the binding pocket."
25974133,2015,"Analytical Biopharmacy Core, University of Washington, Seattle, Washington, United States of America.","We showed that the receptor-blocking mechanism of parasteric antibody differs from that of orthosteric inhibition, where the inhibitor replaces the ligand or allosteric inhibition where the inhibitor binds at a site distant from the ligand, and is very potent in blocking bacterial adhesion, dissolving surface-adherent biofilms and protecting mice from urinary bladder infection."
26516677,2015,"Department of Pharmaceutical Sciences, Skaggs School of Pharmacy and Pharmaceutical Sciences, and ‡Program in Structural Biology and Biochemistry, University of Colorado Anschutz Medical Campus , Aurora, Colorado 80045, United States.",Both proteins use tandem calponin-homology (CH) domains to bind to F-actin.
26516677,2015,"Department of Pharmaceutical Sciences, Skaggs School of Pharmacy and Pharmaceutical Sciences, and ‡Program in Structural Biology and Biochemistry, University of Colorado Anschutz Medical Campus , Aurora, Colorado 80045, United States.","The N-terminal CH1 domains primarily determine the actin binding function whereas the C-terminal CH2 domains primarily determine the structural stability of tandem CH domains, and the extent of stabilization depends on the strength of inter-CH domain interactions."
25593117,2015,"Lilly Research Centre, Eli Lilly and Co., Windlesham, Surrey, United Kingdom.","Conclusion:
      
    

    
      The current results suggest that (123)I-iododexetimide preferentially binds to M1R in vivo and can be displaced by M1R ligands."
26080355,2015,"Grup d'Enginyeria Molecular, Institut Químic de Sarriá (IQS), Universitat Ramon Llull, Barcelona, Spain. Electronic address: jordi.teixido@iqs.edu.","Here, we attempt to answer this question by analysing the binding interactions between the CXCR4 receptor and the above-mentioned allosteric modulators."
26080355,2015,"Grup d'Enginyeria Molecular, Institut Químic de Sarriá (IQS), Universitat Ramon Llull, Barcelona, Spain. Electronic address: jordi.teixido@iqs.edu.","We propose two different allosteric binding sites, one located in the intracellular loops 1, 2 and 3 (ICL1, ICL2 and ICL3) which binds the pepducin agonist ATI-2341, and the other at a subsite of the main extracellular orthosteric binding pocket between extracellular loops 1 and 2 and the N-terminus, which binds the antagonists AMD11070 and GSK812397."
25723350,2015,"Faculty of Pharmacy and Pharmaceutical Sciences, University of Alberta, Edmonton, AB, Canada; Li Ka Shing Institute of Virology, University of Alberta, Edmonton, Alberta, Canada; Li Ka Shing Applied Virology Institute, University of Alberta, Edmonton, Alberta, Canada. Electronic address: Kbarakat@ualberta.ca.","Programmed death-1 (PD-1) is a potent inhibitory receptor of T cells which binds to two different ligands, namely PD-L1 and PD-L2, and upon binding, it inhibits T cell activation, differentiation, and proliferation, leading to a state of immune tolerance."
25723350,2015,"Faculty of Pharmacy and Pharmaceutical Sciences, University of Alberta, Edmonton, AB, Canada; Li Ka Shing Institute of Virology, University of Alberta, Edmonton, Alberta, Canada; Li Ka Shing Applied Virology Institute, University of Alberta, Edmonton, Alberta, Canada. Electronic address: Kbarakat@ualberta.ca.","However, recent mutational and nuclear magnetic resonance (NMR) analyses suggest that human PD-1 binds its human ligands differently compared to their mouse counterparts."
25723350,2015,"Faculty of Pharmacy and Pharmaceutical Sciences, University of Alberta, Edmonton, AB, Canada; Li Ka Shing Institute of Virology, University of Alberta, Edmonton, Alberta, Canada; Li Ka Shing Applied Virology Institute, University of Alberta, Edmonton, Alberta, Canada. Electronic address: Kbarakat@ualberta.ca.",Our methodology involved combining molecular dynamics (MD) simulations with protein-protein docking and binding energy analysis to predict the most probable binding conformations for PD1 to its ligands.
25723350,2015,"Faculty of Pharmacy and Pharmaceutical Sciences, University of Alberta, Edmonton, AB, Canada; Li Ka Shing Institute of Virology, University of Alberta, Edmonton, Alberta, Canada; Li Ka Shing Applied Virology Institute, University of Alberta, Edmonton, Alberta, Canada. Electronic address: Kbarakat@ualberta.ca.",Our results confirm the available experimental NMR and mutational data and reveal the most accurate atomistic details so far of how human PD-1 binds to human PD-Ls and why the two ligands bind with different affinities to the same receptor.
25921794,2015,"Division of Sciences and Mathematics, School of Interdisciplinary Arts and Sciences (IAS), University of Washington, Tacoma, WA 98402, USA. Electronic address: jfinke@u.washington.edu.","Surface plasmon resonance was used to investigate the kinetics, affinity, and specificity of binding between anti-Aβ (beta-amyloid) IgG antibodies and oligomeric Aβ."
25921794,2015,"Division of Sciences and Mathematics, School of Interdisciplinary Arts and Sciences (IAS), University of Washington, Tacoma, WA 98402, USA. Electronic address: jfinke@u.washington.edu.","A comparison of binding specificity, affinity, and kinetic flux between monoclonal and natural human anti-Aβ IgG antibodies revealed the following findings."
25921794,2015,"Division of Sciences and Mathematics, School of Interdisciplinary Arts and Sciences (IAS), University of Washington, Tacoma, WA 98402, USA. Electronic address: jfinke@u.washington.edu.","Second, natural human anti-Aβ IgG binding readily binds Aβ oligomers but does not bind monomers."
25921794,2015,"Division of Sciences and Mathematics, School of Interdisciplinary Arts and Sciences (IAS), University of Washington, Tacoma, WA 98402, USA. Electronic address: jfinke@u.washington.edu.","Third, natural human anti-Aβ IgG binds Aβ oligomers with a higher affinity and kinetic flux than 6E10 and 4G8."
25777526,2015,"Institut de Physique Théorique, CEA-Saclay, 91191 Gif/Yvette Cedex, France.","Results:
      
    

    
      We develop a computational method to probe the binding affinity of amyloid structures and produce an amylin analog that binds to oligomers and extends their length."
26110528,2015,"Dipartimento di Biologia e Biotecnologie, Sapienza-Università di Roma, Roma, Italy; Istituto Pasteur Fondazione Cenci Bolognetti, Sapienza-Università di Roma, Roma, Italy; Istituto di Biologia e Patologia Molecolari del CNR, Sapienza-Università di Roma, Roma, Italy.","Mammalian telomeres are protected by shelterin, a multiprotein complex that binds the TTAGGG telomeric repeats and recruits a series of additional factors that are essential for telomere function."
26110528,2015,"Dipartimento di Biologia e Biotecnologie, Sapienza-Università di Roma, Roma, Italy; Istituto Pasteur Fondazione Cenci Bolognetti, Sapienza-Università di Roma, Roma, Italy; Istituto di Biologia e Patologia Molecolari del CNR, Sapienza-Università di Roma, Roma, Italy.","Consistent with these results, AKTIP interacts with telomeric DNA and binds the shelterin components TRF1 and TRF2 both in vivo and in vitro."
25688366,2015,"Institute of Biophysics and Biomedical Engineering, Bulgarian Academy of Sciences, Acad. G. Bonchev Strasse, Building 21, 1113 Sofia, Bulgaria.","A model of transcription complex was proposed in which the heterodimer Rpb4/7 binds to EAD, connecting it to Core RNA Pol II."
25688366,2015,"Institute of Biophysics and Biomedical Engineering, Bulgarian Academy of Sciences, Acad. G. Bonchev Strasse, Building 21, 1113 Sofia, Bulgaria.","Rpb4/7 binds RNA, stabilizing the transcription complex."
25688366,2015,"Institute of Biophysics and Biomedical Engineering, Bulgarian Academy of Sciences, Acad. G. Bonchev Strasse, Building 21, 1113 Sofia, Bulgaria.","The EWS and EFPs binding partners are described schematically in a model, an attempt to link the transcription with the splicing."
26235140,2015,"Department of Dermatology, University of Wisconsin-Madison, 1300 University Avenue, 4385 Medical Sciences Center, Madison, WI 53706, USA. Electronic address: hmukhtar@wisc.edu.",Fisetin binds to tubulin and stabilizes microtubules with binding characteristics far superior than paclitaxel.
26478420,2015,"Laboratory of Cell Biology, National Cancer Institute NIH, Bethesda, Maryland 20892, USA.",Molecular dynamic simulations showed that phenoxazine and lactone rings of ActD come close to the outer G-tetrad nucleotides indicating that ActD binds through end-stacking to the quadruplex DNA.
26478420,2015,"Laboratory of Cell Biology, National Cancer Institute NIH, Bethesda, Maryland 20892, USA.","The results of spectrophotometry and spectrofluorometry indicated that ActD most probably binds to the c-MYC quadruplex and duplex DNA via end-stacking and intercalation, respectively and polarity of ActD environment decreases due to the interaction."
26478420,2015,"Laboratory of Cell Biology, National Cancer Institute NIH, Bethesda, Maryland 20892, USA.","Finally, it can be concluded that ActD binds differently to double stranded DNA, quadruplex DNA and i-motif."
25615019,2015,"Department of Biochemistry and Molecular Biology, Colorado State University, Fort Collins, CO 80523, USA.","WASP family proteins contain a WH2 motif that binds globular actin (G-actin) and a central-acidic motif that binds the Arp2/3 complex, thus promoting the formation of branched actin filaments."
25615019,2015,"Department of Biochemistry and Molecular Biology, Colorado State University, Fort Collins, CO 80523, USA.","Using the yeast two-hybrid system, GST-pulldown, fluorescence polarization and pyrene-actin polymerization assays, we show that LGM binds G-actin and is necessary for normal Arp2/3-mediated actin polymerization in vitro."
25674795,2015,"University of Tübingen, Interfaculty Institute of Biochemistry, Tübingen, Germany; Vanderbilt University School of Medicine, Nashville, Tennessee, United States of America.",Most adenoviruses attach to host cells by means of the protruding fiber protein that binds to host cells via the coxsackievirus and adenovirus receptor (CAR) protein.
25674795,2015,"University of Tübingen, Interfaculty Institute of Biochemistry, Tübingen, Germany; Vanderbilt University School of Medicine, Nashville, Tennessee, United States of America.","X-ray crystallographic analysis of 52SFK in complex with 2-O-methylated sialic acid combined with functional studies of knob mutants revealed a new sialic acid binding site compared to other, known adenovirus:glycan interactions."
25980590,2015,"State Key Laboratory of Medicinal Chemical Biology and College of Pharmacy, Nankai University, Tianjin 300071, China. jianpinglin@nankai.edu.cn dongmeili@nankai.edu.cn nkliupi@gmail.com.",Key residues interacting with both antagonists and residues specifically binding to one of them are identified.
25980590,2015,"State Key Laboratory of Medicinal Chemical Biology and College of Pharmacy, Nankai University, Tianjin 300071, China. jianpinglin@nankai.edu.cn dongmeili@nankai.edu.cn nkliupi@gmail.com.","CP-376395 specifically binds to Glu209 and Phe160, while MTIP specifically binds to Leu320, Leu213, Ile290, Phe162 and Val313."
25980590,2015,"State Key Laboratory of Medicinal Chemical Biology and College of Pharmacy, Nankai University, Tianjin 300071, China. jianpinglin@nankai.edu.cn dongmeili@nankai.edu.cn nkliupi@gmail.com.",The total binding free energy of MTIP is lower than that of CP-376395; this is consistent with the experimental observation that MTIP shows higher binding affinity than CP-376395.
26020636,2015,"Department of Biology, Massachusetts Institute of Technology, Cambridge, Massachusetts, United States of America.","DnaA, the replication initiation protein in bacteria, is an AAA+ ATPase that binds and hydrolyzes ATP and exists in a heterogeneous population of ATP-DnaA and ADP-DnaA."
26020636,2015,"Department of Biology, Massachusetts Institute of Technology, Cambridge, Massachusetts, United States of America.","DnaA binds cooperatively to the origin of replication and several other chromosomal regions, and functions as a transcription factor at some of these regions."
26020636,2015,"Department of Biology, Massachusetts Institute of Technology, Cambridge, Massachusetts, United States of America.","We used these data to identify 269 binding regions, refine the consensus sequence of the DnaA binding site, and compare the relative affinity of binding regions for ATP-DnaA and ADP-DnaA."
26020636,2015,"Department of Biology, Massachusetts Institute of Technology, Cambridge, Massachusetts, United States of America.","Most sites had a slightly higher affinity for ATP-DnaA than ADP-DnaA, but a few had a strong preference for binding ATP-DnaA."
26020636,2015,"Department of Biology, Massachusetts Institute of Technology, Cambridge, Massachusetts, United States of America.","Of the 269 sites, only the eight strongest binding ones have been observed to bind DnaA in vivo, suggesting that other cellular factors or the amount of available DnaA in vivo restricts DnaA binding to these additional sites."
26020636,2015,"Department of Biology, Massachusetts Institute of Technology, Cambridge, Massachusetts, United States of America.","Conversely, we found several chromosomal regions that were bound by DnaA in vivo but not in vitro, and that the nucleoid-associated protein Rok was required for binding in vivo."
26020636,2015,"Department of Biology, Massachusetts Institute of Technology, Cambridge, Massachusetts, United States of America.","Our in vitro characterization of the inherent ability of DnaA to bind the genome at single nucleotide resolution provides a backdrop for interpreting data on in vivo binding and regulation of DnaA, and is an approach that should be adaptable to many other DNA binding proteins."
26630264,2015,"Institute of Molecular and Cell Biology, Agency for Science, Technology and Research, Singapore, Singapore.","The interactions between TSVZV with dUMP and a cofactor analog, raltitrexed, were also studied using differential scanning fluorimetry (DSF), suggesting that TSVZV binds dUMP and raltitrexed in a sequential binding mode like other TS."
26630264,2015,"Institute of Molecular and Cell Biology, Agency for Science, Technology and Research, Singapore, Singapore.",The binding of BVDUP to TSVZV was further confirmed by the complex structure of TSVZV and BVDUP solved at a resolution of 2.9 Å. BVDUP binds similarly as dUMP in the TSHS but it induces a closed conformation of the active site.
25865167,2015,"Department of Chemistry-Physics, University of Québec at Trois-Rivières, C. P. 500, TR, Quebec, Canada G9A 5H7. Electronic address: tajmirri@uqtr.ca.",The bindings of PEG and mPEG-anthracene with serum albumins occur via hydrophobic and H-bonding contacts with the binding affinity PEG-6000>mPEG-anthracene>PEG-3000 for BSA and EG-6000>PEG-3000>mPEG-anthracene for HSA.
25563438,2015,"Institute for Theoretical Physics, Heidelberg University, 69117 Heidelberg, Germany.",A further application to CTCF shows that the protein binds to a specific DNA duplex only with its central zinc fingers.
26231943,2015,"Department of Neuroscience, Physiology & Pharmacology, University College London, London, WC1E 6BT, UK. Electronic address: n.millar@ucl.ac.uk.","Acetylcholine binds in the receptor extracellular domain at the interface between two subunits and research has identified a large number of nAChR-selective ligands, including agonists and competitive antagonists, that bind at the same site as acetylcholine (commonly referred to as the orthosteric binding site)."
26231943,2015,"Department of Neuroscience, Physiology & Pharmacology, University College London, London, WC1E 6BT, UK. Electronic address: n.millar@ucl.ac.uk.","In addition, more recent research has identified ligands that are able to modulate nAChR function by binding to sites that are distinct from the binding site for acetylcholine, including sites located in the transmembrane domain."
26231943,2015,"Department of Neuroscience, Physiology & Pharmacology, University College London, London, WC1E 6BT, UK. Electronic address: n.millar@ucl.ac.uk.",Our aim in this article is to review important aspects of the pharmacological diversity of nAChR allosteric modulators and to describe recent evidence aimed at identifying binding sites for allosteric modulators on nAChRs.
26231209,2015,"From the Department of Microbiology, Yong Loo Lin School of Medicine and Immunology Program, National University of Singapore, Singapore 117597 miclujh@nus.edu.sg.","Among endogenous ligands, C1q binds to DNA and apoptotic cells, but whether C1q binds to nuclear DNA in apoptotic cells remains to be investigated."
26231209,2015,"From the Department of Microbiology, Yong Loo Lin School of Medicine and Immunology Program, National University of Singapore, Singapore 117597 miclujh@nus.edu.sg.","By 6 h, binding concentrated in the nuclei to the nucleolus but not the chromatins."
26231209,2015,"From the Department of Microbiology, Yong Loo Lin School of Medicine and Immunology Program, National University of Singapore, Singapore 117597 miclujh@nus.edu.sg.","In vivo, C1q exists as the C1 complex (C1qC1r2C1s2), and C1q binding to ligands activates the C1r/C1s proteases."
26022088,2015,"Department of Plant Pathology and Ecology, The Connecticut Agricultural Experiment Station, 123 Huntington St, New Haven, CT, 06511, USA. neil.schultes@ct.gov.","SvNCS1 transports adenine, guanine, hypoxanthine, cytosine, and allantoin and competitively binds xanthine and uric acid."
25596495,2015,"Department of Food Safety & Infection Biology, Norwegian University of Life Sciences, Oslo, Norway. Electronic address: espen.rimstad@nmbu.no.","In mammalian orthoreovirus (MRV), the outer capsid protein ơ3 has dsRNA binding properties, which serve to inhibit the early innate immune response of the host."
25596495,2015,"Department of Food Safety & Infection Biology, Norwegian University of Life Sciences, Oslo, Norway. Electronic address: espen.rimstad@nmbu.no.","Important structural motifs and key amino acid residues are conserved between MRV ơ3 and the homologous PRV protein, and we hypothesized that PRV ơ3 binds dsRNA."
25596495,2015,"Department of Food Safety & Infection Biology, Norwegian University of Life Sciences, Oslo, Norway. Electronic address: espen.rimstad@nmbu.no.","Our results provide evidence that the PRV protein ơ3 binds dsRNA in a sequence independent manner, thus sharing this function with MRV ơ3."
25596495,2015,"Department of Food Safety & Infection Biology, Norwegian University of Life Sciences, Oslo, Norway. Electronic address: espen.rimstad@nmbu.no.",We conclude that multiple sites are involved in the dsRNA binding activity of PRV ơ3.
26545237,2015,"Janelia Research Campus, Howard Hughes Medical Institute, Ashburn, Virginia, United States of America.",Here we characterize the ability of TFAM to bind various RNA containing substrates in order to determine their role in TFAM distribution and function within the nucleoid.
26545237,2015,"Janelia Research Campus, Howard Hughes Medical Institute, Ashburn, Virginia, United States of America.","We find that TFAM binds to RNA-containing 4-way junctions but does not bind appreciably to RNA hairpins, internal loops, or linear RNA:DNA hybrids."
26545237,2015,"Janelia Research Campus, Howard Hughes Medical Institute, Ashburn, Virginia, United States of America.","Within the cell, TFAM binds to mitochondrial tRNAs, consistent with our RNA 4-way junction data."
26545237,2015,"Janelia Research Campus, Howard Hughes Medical Institute, Ashburn, Virginia, United States of America.","However, TFAM binds to tRNA with nanomolar affinity and these complexes are not rare."
26545237,2015,"Janelia Research Campus, Howard Hughes Medical Institute, Ashburn, Virginia, United States of America.","TFAM-immunoprecipitated tRNAs have processed ends, suggesting that binding is not specific to RNA precursors."
25500326,2015,"General surgery, The Third Affiliated Hospital of Xinxiang Medical University, Xinxiang, Henan 453003, PR China.","For glutathione, the interaction is characterized by a high number of binding sites, which suggests that binding occurs by a surface adsorption mechanism that leads to coating of the protein surface."
25342221,2015,"Leibniz-Institut für Molekulare Pharmakologie, Robert-Rössle-Str. 10, 13125, Berlin, Germany.","Clostridium perfringens enterotoxin (CPE) binds to distinct claudins (Clds), which regulate paracellular barrier functions in endo- and epithelia."
25342221,2015,"Leibniz-Institut für Molekulare Pharmakologie, Robert-Rössle-Str. 10, 13125, Berlin, Germany.","The C-terminal domain (cCPE) has the potential for selective claudin modulation, since it only binds to a subset of claudins, e.g., Cld3 and Cld4 (cCPE receptors)."
25342221,2015,"Leibniz-Institut für Molekulare Pharmakologie, Robert-Rössle-Str. 10, 13125, Berlin, Germany.",Binding to Cld5 is especially attenuated by the lack of a bulky hydrophobic residue like leucine at position 151.
25998689,2015,"a CIRI; International Center for Infectiology Research; Université de Lyon ; Lyon , France.","In infected cells, the autophagy receptor CALCOCO2/NDP52 targets Salmonella Typhimurium to the phagophore membrane by concomitantly interacting with LC3C and binding to ubiquitinated cytosolic bacteria or to LGALS8/GALECTIN 8 adsorbed on damaged vacuoles that contain bacteria."
25998689,2015,"a CIRI; International Center for Infectiology Research; Université de Lyon ; Lyon , France.","Indeed, to mediate autophagosome maturation CALCOCO2 binds on the one hand to LC3A, LC3B, or GABARAPL2, and on the other hand to MYO6/MYOSIN VI, whereas the interaction with LC3C is dispensable."
25073946,2015,"Graduate Program in Pharmacology and Toxicology, Department of Pharmaceutical Sciences, University of Connecticut, Storrs, CT, 06269-3092, USA.","While this element mediates increased transcriptional response in thermally stressed HaCaT keratinocytes, it preferentially binds a stress-inducible factor other than heat shock factor (HSF)1 or HSF2."
25073946,2015,"Graduate Program in Pharmacology and Toxicology, Department of Pharmaceutical Sciences, University of Connecticut, Storrs, CT, 06269-3092, USA.","Intriguingly, this newly characterized HSPA6 HSE competes HSF1 binding a consensus HSE and binds both HSF1 and HSF2 from other epithelial cells."
25073946,2015,"Graduate Program in Pharmacology and Toxicology, Department of Pharmaceutical Sciences, University of Connecticut, Storrs, CT, 06269-3092, USA.","Furthermore, these results suggest that an HSF-like factor may preferentially bind this newly identified HSPA6 HSE in HaCaT cells."
25790177,2015,"‡University of Copenhagen, Department of Chemistry, Center of Crystallographic Studies, Universitetsparken 5, DK-2100 Copenhagen Ø, Denmark.","The enzyme forms dimers in solution and in the crystals, and binds one molecule of the reactants 5-phosphoribosyl-α-1-pyrophosphate (PRPP) and adenine or the product adenosine monophosphate (AMP) or the inhibitor adenosine diphosphate (ADP) in each active site."
25790177,2015,"‡University of Copenhagen, Department of Chemistry, Center of Crystallographic Studies, Universitetsparken 5, DK-2100 Copenhagen Ø, Denmark.",The inhibitor ADP binds like the product AMP with both the α- and β-phosphates occupying the 5'-phosphoribosyl binding site.
26121572,2015,"Department of Biochemistry and Molecular Biology, Indiana University School of Medicine-South Bend, South Bend, Indiana, United States of America; Harper Cancer Research Institute, South Bend, Indiana, United States of America; Department of Chemistry and Biochemistry, University of Notre Dame, Notre Dame, Indiana, United States of America; Indiana University Melvin and Bren Simon Cancer Center, Indianapolis, Indiana, United States of America.",We validated that ARID3B binds to an epidermal growth factor receptor (EGFR) enhancer and increases mRNA expression.
26121572,2015,"Department of Biochemistry and Molecular Biology, Indiana University School of Medicine-South Bend, South Bend, Indiana, United States of America; Harper Cancer Research Institute, South Bend, Indiana, United States of America; Department of Chemistry and Biochemistry, University of Notre Dame, Notre Dame, Indiana, United States of America; Indiana University Melvin and Bren Simon Cancer Center, Indianapolis, Indiana, United States of America.",ARID3B also binds to the promoter of Wnt5A and its receptor FZD5.
26121572,2015,"Department of Biochemistry and Molecular Biology, Indiana University School of Medicine-South Bend, South Bend, Indiana, United States of America; Harper Cancer Research Institute, South Bend, Indiana, United States of America; Department of Chemistry and Biochemistry, University of Notre Dame, Notre Dame, Indiana, United States of America; Indiana University Melvin and Bren Simon Cancer Center, Indianapolis, Indiana, United States of America.","This study directly demonstrates that ARID3B binds target genes in a sequence-specific manner, resulting in increased gene expression."
25560615,2015,"Department of Microbial Pathogenesis and Immunology, College of Medicine, Texas A&M Health Science Center, Bryan, TX, 77807, USA.","With regard to function, a combinatorial peptide approach, coupled with subsequent in vitro binding assays, indicated that BBA33 binds to collagen type VI and, to a lesser extent, collagen type IV."
25560615,2015,"Department of Microbial Pathogenesis and Immunology, College of Medicine, Texas A&M Health Science Center, Bryan, TX, 77807, USA.",Whole cell binding assays demonstrated BBA33-dependent binding to human collagen type VI.
26612741,2015,"Laboratory of Veterinary Biochemistry, School of Veterinary Medicine, Kitasato University, Towada, Aomori, 034-8628, Japan. orino@vmas.kitasato-u.ac.jp.","Mammalian ferritin binds both heme and iron, and binding occurs through two mechanisms: direct binding with ferritin to H-kininogen and anti-ferritin autoantibody, and indirect heme-mediated binding of fibrinogen and apolipoprotein B to ferritin."
26538657,2015,"Center for Cognitive Neuroscience and Department of Psychology and Neuroscience, Duke University, Durham, North Carolina 27708 jiefeng.jiang@duke.edu tobias.egner@duke.edu.","The human brain encodes experience in an integrative fashion by binding together the various features of an event (i.e., stimuli and responses) into memory ""event files."""
26538657,2015,"Center for Cognitive Neuroscience and Department of Psychology and Neuroscience, Duke University, Durham, North Carolina 27708 jiefeng.jiang@duke.edu tobias.egner@duke.edu.","Together, these results suggest that the hippocampus and putamen are involved in binding together holistic event memories that link physical stimulus and response characteristics with internal representations of stimulus categories and attentional control states."
26538657,2015,"Center for Cognitive Neuroscience and Department of Psychology and Neuroscience, Duke University, Durham, North Carolina 27708 jiefeng.jiang@duke.edu tobias.egner@duke.edu.","Significance statement:
      
    

    
      Memory binds together the different features of our experience, such as an observed stimulus and concurrent motor responses, into so-called event files."
26538657,2015,"Center for Cognitive Neuroscience and Department of Psychology and Neuroscience, Duke University, Durham, North Carolina 27708 jiefeng.jiang@duke.edu tobias.egner@duke.edu.","Here, we used fMRI to determine the brain areas responsible for binding together event information pertaining to concrete stimulus and response features, stimulus categories, and internal attentional control states."
26538657,2015,"Center for Cognitive Neuroscience and Department of Psychology and Neuroscience, Duke University, Durham, North Carolina 27708 jiefeng.jiang@duke.edu tobias.egner@duke.edu.","Therefore, medial temporal lobe and dorsal striatum structures appear to be involved in binding internal control states to event memories."
25748820,2015,"Department of Molecular and Cell Biology, University of California, Berkeley, Berkeley, California, United States of America.","Scc3 also binds Pds5 and Wpl1, cohesin-associated proteins that regulate cohesin function, and to the Scc2/4 cohesin loader."
25748820,2015,"Department of Molecular and Cell Biology, University of California, Berkeley, Berkeley, California, United States of America.",The I358 and D373 mutants abrogate Scc3 binding to Mcd1.
25748820,2015,"Department of Molecular and Cell Biology, University of California, Berkeley, Berkeley, California, United States of America.","These results define an Scc3 region extending from I358 through the SCD required for binding Mcd1, cohesin localization to chromosomes and cohesion."
25748820,2015,"Department of Molecular and Cell Biology, University of California, Berkeley, Berkeley, California, United States of America.","Scc3 binding to the cohesin loader, Pds5 and Wpl1 are unaffected in I358 mutant and the loader still binds the cohesin core trimer (Mcd1, Smc1 and Smc3)."
25938298,2015,"European Molecular Biology Laboratory, Grenoble Outstation, 38000, France; Unit for Virus Host-Cell Interactions, Univ. Grenoble Alpes-EMBL-CNRS, 38000, France.",Fad35R from Mycobacterium tuberculosis binds to the promoter site of Fad35 operon and its DNA binding activities are reduced in the presence of tetracycline and palmitoyl-CoA.
25938298,2015,"European Molecular Biology Laboratory, Grenoble Outstation, 38000, France; Unit for Virus Host-Cell Interactions, Univ. Grenoble Alpes-EMBL-CNRS, 38000, France.","Fad35R comprises canonical DNA binding domain (DBD) and ligand binding domain (LBD), but displays several distinct structural features."
26092942,2015,"Department of Biochemistry, Uniformed Services University of the Health Sciences (USUHS), Bethesda, Maryland 20814-4799, USA.","Interestingly, this complex also specifically binds to cis-acting regulatory sequences of viral positive-strand RNA genomes promoting their translation and subsequent recruitment from translation to replication."
26030290,2015,"Department of Chemistry, IAU, Central Tehran Branch, Tehran, Iran; Department of Dermatology, University of California, San Francisco, California, United States of America.","In the present research, we reported binding modes, binding constants and stability of SFN-DNA and -RNA complexes by Fourier transform infrared (FTIR) and UV-Visible spectroscopic methods."
26030290,2015,"Department of Chemistry, IAU, Central Tehran Branch, Tehran, Iran; Department of Dermatology, University of California, San Francisco, California, United States of America.","SFN binds minor and major grooves of DNA and backbone phosphate (PO2), while RNA binding is through G, U, A bases with some degree of SFN-phosphate (PO2) interaction."
25679041,2015,"Department of Biological Science and ‡Institute of Molecular Biophysics, Florida State University , 91 Chieftan Way, Tallahassee, Florida 32306-4380, United States.","In fact, until now no G4 binding partners have been identified in the plant kingdom."
25679041,2015,"Department of Biological Science and ‡Institute of Molecular Biophysics, Florida State University , 91 Chieftan Way, Tallahassee, Florida 32306-4380, United States.","Indeed, ZmNDPK1 binds the folded G4 with low nanomolar affinity but corresponding unfolded G-rich DNA more weakly, whereas NM23-H2 binds both folded and unfolded G4 with low nanomolar affinities; nonetheless, both homologues appear to stabilize folded DNAs whether they were prefolded or not."
25679041,2015,"Department of Biological Science and ‡Institute of Molecular Biophysics, Florida State University , 91 Chieftan Way, Tallahassee, Florida 32306-4380, United States.","Together, these findings establish a broad evolutionary conservation of some NDPKs as G4-DNA binding enzymes, but with potentially distinct biochemical properties that may reflect divergent evolution or species-specific deployment of these elements in gene regulatory processes."
25566806,2015,"Biophysics & Structural Genomics Division, Saha Institute of Nuclear Physics , Block-AF, Sector-I, Bidhannagar, Kolkata-700064, India.",We have attributed this to the quadruplex binding potential of the molecule and characterized the molecular details of the interaction by means of optical spectroscopy such as absorbance and circular dichroism and calorimetric techniques such as isothermal titration calorimetry and differential scanning calorimetry.
25566806,2015,"Biophysics & Structural Genomics Division, Saha Institute of Nuclear Physics , Block-AF, Sector-I, Bidhannagar, Kolkata-700064, India.",The results show that chelerythrine binds with micromolar dissociation constant and 2:1 binding stoichiometry to the human telomeric DNA sequence.
25566806,2015,"Biophysics & Structural Genomics Division, Saha Institute of Nuclear Physics , Block-AF, Sector-I, Bidhannagar, Kolkata-700064, India.",We propose that the first chelerythrine molecule binds to the quartet followed by a second molecule which binds to the groove.
25873085,2015,"Department of Chemical Sciences, University of Naples Federico II, Complesso Universitario di Monte Sant'Angelo, Via Cintia, I-80126, Napoli, Italy. antonello.merlino@unina.it.","Structural data unambiguously prove that cisplatin mainly binds to His105 and Met329 side chains; additional binding sites are detected at His288, Met298, and Met548 and at His535, His67 and His247."
25573276,2015,"Department of Biochemistry, Medical College of Wisconsin, Milwaukee, WI 53226, USA ndahms@mcw.edu.","Two mannose 6-phosphate (M6P) binding sites have been mapped to domains 3 and 9, whereas domain 5 binds preferentially to the phosphodiester, M6P-N-acetylglucosamine (GlcNAc)."
25573276,2015,"Department of Biochemistry, Medical College of Wisconsin, Milwaukee, WI 53226, USA ndahms@mcw.edu.","To determine whether domain 15 of the CI-MPR has lectin activity and to probe its carbohydrate-binding specificity, truncated forms of the CI-MPR were tested for binding to acid hydrolases with defined N-glycans in surface plasmon resonance analyses, and used to interrogate a phosphorylated glycan microarray."
25573276,2015,"Department of Biochemistry, Medical College of Wisconsin, Milwaukee, WI 53226, USA ndahms@mcw.edu.","Together, these results show that the CI-MPR contains a fourth carbohydrate-recognition site capable of binding both phosphomonoesters and phosphodiesters."
25969394,2015,"Department of Chemistry and Biochemistry, Stephenson Life Sciences Research Center, University of Oklahoma, 101 Stephenson Parkway, Norman, OK 73019, USA. Electronic address: rice@ou.edu.",We employed atomic absorption and equilibrium dialysis to measure the metal binding capacity and metal binding affinity of wall teichoic acid and Mg2+.
25969394,2015,"Department of Chemistry and Biochemistry, Stephenson Life Sciences Research Center, University of Oklahoma, 101 Stephenson Parkway, Norman, OK 73019, USA. Electronic address: rice@ou.edu.",Data show that Mg2+ binds to WTA with a 1:2Mg2+ to phosphate ratio with a binding capacity of 1.27 μmol/mg.
25969394,2015,"Department of Chemistry and Biochemistry, Stephenson Life Sciences Research Center, University of Oklahoma, 101 Stephenson Parkway, Norman, OK 73019, USA. Electronic address: rice@ou.edu.","External WTA initially binds metals with positive cooperativity, but metal binding switches to negative cooperativity, whereas interior WTA binds metals with only negative cooperativity."
25969394,2015,"Department of Chemistry and Biochemistry, Stephenson Life Sciences Research Center, University of Oklahoma, 101 Stephenson Parkway, Norman, OK 73019, USA. Electronic address: rice@ou.edu.",The relevance of this work is to describe changes in metal binding behavior depending on environment.
25692595,2015,"Faculty of Biochemistry and Molecular Medicine, University of Oulu, Finland; Biocenter Oulu, University of Oulu, Finland. Electronic address: veli-pekka.jaakola@oulu.fi.","Calmodulin has been reported to bind to the A2AR C-terminus, with a possible binding site on helix 8, next to the membrane."
25692595,2015,"Faculty of Biochemistry and Molecular Medicine, University of Oulu, Finland; Biocenter Oulu, University of Oulu, Finland. Electronic address: veli-pekka.jaakola@oulu.fi.","We found that the C-terminus is disordered and flexible, and it binds with high affinity (Kd = 98 nM) to calmodulin without major conformational changes in the domain."
25692595,2015,"Faculty of Biochemistry and Molecular Medicine, University of Oulu, Finland; Biocenter Oulu, University of Oulu, Finland. Electronic address: veli-pekka.jaakola@oulu.fi.",Calmodulin binds to helix 8 of the A2AR in a calcium-dependent manner that can displace binding of A2AR to lipid vesicles.
25795708,2015,"School of Pharmaceutical Sciences, Xiamen University, Xiamen, Fujian, China. huzhou@xmu.edu.cn xkzhang@xmu.edu.cn.","Here, we report that a class of nitrostyrene derivatives bind to RXRα by a unique mechanism, of which the nitro group of nitrostyrene derivatives and Cys432 of RXRα are required for binding."
25795708,2015,"School of Pharmaceutical Sciences, Xiamen University, Xiamen, Fujian, China. huzhou@xmu.edu.cn xkzhang@xmu.edu.cn.","However, the binding inhibits the transactivation of RXRα homodimer, which might be due to the distinct conformation of RXRα homodimer induced by these nitrostyrene derivatives."
25506670,2015,"Department of Biological Sciences, The University of Toledo, 2801 West Bancroft Street, Toledo, OH 43606, USA. Electronic address: sleisne@utnet.utoledo.edu.","D3 binds to D1, along with D4 and contains a spacer region (termed D3b) between two RNA-binding domains."
26457677,2015,"Molecular and Environmental Science Research Group Department of Geological Sciences, 114 Science Place, University of Saskatchewan, Saskatoon, S7N 5E2, Canada.","The peptide hormone gastrin binds two ferric ions with high affinity, and iron binding is essential for the biological activity of non-amidated forms of the hormone."
26457677,2015,"Molecular and Environmental Science Research Group Department of Geological Sciences, 114 Science Place, University of Saskatchewan, Saskatoon, S7N 5E2, Canada.","Since gastrins act as growth factors in gastrointestinal cancers, and as peptides labelled with Ga and In isotopes are increasingly used for cancer diagnosis, the ability of gastrins to bind other metal ions was investigated systematically by absorption spectroscopy."
26457677,2015,"Molecular and Environmental Science Research Group Department of Geological Sciences, 114 Science Place, University of Saskatchewan, Saskatoon, S7N 5E2, Canada.","We conclude that gastrin selectively binds two In3+ or Ru3+ ions, and that the affinity of the first site for In3+ or Ru3+ ions is higher than for ferric ions."
26045034,2015,"Synthetic Cellular Chemistry Laboratory, RIKEN, 2-1 Hirosawa, Wako, Saitama 351-0198, Japan; Japan Science and Technology Agency, ERATO, Ito Glycotrilogy Project, 2-1 Hirosawa, Wako, Saitama 351-0198, Japan.",Pradimicin A (PRM-A) is a unique antibiotic with a lectin-like ability to bind D-mannose (D-Man) in the presence of Ca(2+) ion.
26045034,2015,"Synthetic Cellular Chemistry Laboratory, RIKEN, 2-1 Hirosawa, Wako, Saitama 351-0198, Japan; Japan Science and Technology Agency, ERATO, Ito Glycotrilogy Project, 2-1 Hirosawa, Wako, Saitama 351-0198, Japan.","Although accumulated evidences suggest that PRM-A recognizes the 2-, 3-, and 4-hydroxyl groups of D-Man, BMY-28864, an artificial PRM-A derivative, was shown not to bind L-fucose (L-Fuc) and L-galactose (lLGal), both of which share the characteristic array of the three hydroxyl groups with D-Man."
26045034,2015,"Synthetic Cellular Chemistry Laboratory, RIKEN, 2-1 Hirosawa, Wako, Saitama 351-0198, Japan; Japan Science and Technology Agency, ERATO, Ito Glycotrilogy Project, 2-1 Hirosawa, Wako, Saitama 351-0198, Japan.","While L-Fuc and L-Gal were hardly incorporated into the aggregate, L-Fuc-OMe and L-Gal-OMe were found to exhibit significant binding to PRM-A."
26045034,2015,"Synthetic Cellular Chemistry Laboratory, RIKEN, 2-1 Hirosawa, Wako, Saitama 351-0198, Japan; Japan Science and Technology Agency, ERATO, Ito Glycotrilogy Project, 2-1 Hirosawa, Wako, Saitama 351-0198, Japan.",These results collectively indicate that PRM-A binds pyranosides of L-Fuc and L-Gal when Ca(2+) concentration is not excessive to trap these sugars by chelation but sufficient to form the [PRM-A/Ca(2+)] complex.
